{"cameraMode":{"drawMode":0,"name":"Shaded","section":"Shading Mode"},"sceneLighting":false,"audioPlay":false,"sceneViewState":{"showFog":true,"showMaterialUpdate":false,"showSkybox":true,"showFlares":true,"showImageEffects":true,"showParticleSystems":true},"in2DMode":false,"pivot":{"x":-2.4999942779541017,"y":0.08955499529838562,"z":2.499999523162842},"rotation":{"x":-0.35276827216148379,"y":0.25034698843955996,"z":-0.09854311496019364,"w":-0.8961976766586304},"size":11.671292304992676,"orthographic":false}