{"cameraMode":{"drawMode":0,"name":"Shaded","section":"Shading Mode"},"sceneLighting":false,"audioPlay":false,"sceneViewState":{"showFog":true,"showMaterialUpdate":false,"showSkybox":true,"showFlares":true,"showImageEffects":true,"showParticleSystems":true},"in2DMode":false,"pivot":{"x":0.2507234811782837,"y":1.6089756488800049,"z":-1.183866024017334},"rotation":{"x":-0.05219464376568794,"y":0.9377952814102173,"z":-0.30279242992401125,"w":-0.1616555005311966},"size":9.556232452392579,"orthographic":false}