{"cameraMode":{"drawMode":0,"name":"Shaded","section":"Shading Mode"},"sceneLighting":false,"audioPlay":false,"sceneViewState":{"showFog":true,"showMaterialUpdate":false,"showSkybox":true,"showFlares":true,"showImageEffects":true,"showParticleSystems":true},"in2DMode":false,"pivot":{"x":30.1773681640625,"y":10.067459106445313,"z":16.06927490234375},"rotation":{"x":-0.20805935561656953,"y":0.2344549000263214,"z":-0.051444634795188907,"w":-0.9482066035270691},"size":377.37890625,"orthographic":false}