{"cameraMode":{"drawMode":0,"name":"Shaded","section":"Shading Mode"},"sceneLighting":true,"audioPlay":false,"sceneViewState":{"showFog":true,"showMaterialUpdate":false,"showSkybox":true,"showFlares":true,"showImageEffects":true,"showParticleSystems":true},"in2DMode":false,"pivot":{"x":0.12640351057052613,"y":1.5527249574661255,"z":1.2960739135742188},"rotation":{"x":-0.005490767303854227,"y":-0.9505504965782166,"z":0.31006523966789248,"w":-0.016830218955874444},"size":10.590598106384278,"orthographic":false}