{"cameraMode":{"drawMode":0,"name":"Shaded","section":"Shading Mode"},"sceneLighting":true,"audioPlay":false,"sceneViewState":{"showFog":true,"showMaterialUpdate":false,"showSkybox":true,"showFlares":true,"showImageEffects":true,"showParticleSystems":true},"in2DMode":false,"pivot":{"x":0.0830535888671875,"y":26.140954971313478,"z":-0.7092094421386719},"rotation":{"x":-0.21286435425281526,"y":-0.7195024490356445,"z":0.2503209114074707,"w":-0.6118369102478027},"size":54.71418762207031,"orthographic":false}